"property","status","value","expected","restored","hiddenExpected","hiddenRestored","captureMs","detail"
"-moz-appearance","unsupported","","","","","","",""
"-moz-binding","unsupported","","","","","","",""
"-moz-border-bottom-colors","unsupported","","","","","","",""
"-moz-border-left-colors","unsupported","","","","","","",""
"-moz-border-right-colors","unsupported","","","","","","",""
"-moz-border-top-colors","unsupported","","","","","","",""
"-moz-context-properties","unsupported","","","","","","",""
"-moz-float-edge","unsupported","","","","","","",""
"-moz-force-broken-image-icon","unsupported","","","","","","",""
"-moz-orient","unsupported","","","","","","",""
"-moz-outline-radius","unsupported","","","","","","",""
"-moz-outline-radius-bottomleft","unsupported","","","","","","",""
"-moz-outline-radius-bottomright","unsupported","","","","","","",""
"-moz-outline-radius-topleft","unsupported","","","","","","",""
"-moz-outline-radius-topright","unsupported","","","","","","",""
"-moz-stack-sizing","unsupported","","","","","","",""
"-moz-text-blink","unsupported","","","","","","",""
"-moz-user-focus","unsupported","","","","","","",""
"-moz-user-input","unsupported","","","","","","",""
"-moz-user-modify","unsupported","","","","","","",""
"-moz-window-dragging","unsupported","","","","","","",""
"-moz-window-shadow","unsupported","","","","","","",""
"-ms-accelerator","unsupported","","","","","","",""
"-ms-block-progression","unsupported","","","","","","",""
"-ms-content-zoom-chaining","unsupported","","","","","","",""
"-ms-content-zoom-limit","unsupported","","","","","","",""
"-ms-content-zoom-limit-max","unsupported","","","","","","",""
"-ms-content-zoom-limit-min","unsupported","","","","","","",""
"-ms-content-zoom-snap","unsupported","","","","","","",""
"-ms-content-zoom-snap-points","unsupported","","","","","","",""
"-ms-content-zoom-snap-type","unsupported","","","","","","",""
"-ms-content-zooming","unsupported","","","","","","",""
"-ms-filter","unsupported","","","","","","",""
"-ms-flow-from","unsupported","","","","","","",""
"-ms-flow-into","unsupported","","","","","","",""
"-ms-grid-columns","unsupported","","","","","","",""
"-ms-grid-rows","unsupported","","","","","","",""
"-ms-high-contrast-adjust","unsupported","","","","","","",""
"-ms-hyphenate-limit-chars","unsupported","","","","","","",""
"-ms-hyphenate-limit-lines","unsupported","","","","","","",""
"-ms-hyphenate-limit-zone","unsupported","","","","","","",""
"-ms-ime-align","unsupported","","","","","","",""
"-ms-overflow-style","unsupported","","","","","","",""
"-ms-scroll-chaining","unsupported","","","","","","",""
"-ms-scroll-limit","unsupported","","","","","","",""
"-ms-scroll-limit-x-max","unsupported","","","","","","",""
"-ms-scroll-limit-x-min","unsupported","","","","","","",""
"-ms-scroll-limit-y-max","unsupported","","","","","","",""
"-ms-scroll-limit-y-min","unsupported","","","","","","",""
"-ms-scroll-rails","unsupported","","","","","","",""
"-ms-scroll-snap-points-x","unsupported","","","","","","",""
"-ms-scroll-snap-points-y","unsupported","","","","","","",""
"-ms-scroll-snap-type","unsupported","","","","","","",""
"-ms-scroll-snap-x","unsupported","","","","","","",""
"-ms-scroll-snap-y","unsupported","","","","","","",""
"-ms-scroll-translation","unsupported","","","","","","",""
"-ms-scrollbar-3dlight-color","unsupported","","","","","","",""
"-ms-scrollbar-arrow-color","unsupported","","","","","","",""
"-ms-scrollbar-base-color","unsupported","","","","","","",""
"-ms-scrollbar-darkshadow-color","unsupported","","","","","","",""
"-ms-scrollbar-face-color","unsupported","","","","","","",""
"-ms-scrollbar-highlight-color","unsupported","","","","","","",""
"-ms-scrollbar-shadow-color","unsupported","","","","","","",""
"-ms-scrollbar-track-color","unsupported","","","","","","",""
"-ms-text-autospace","unsupported","","","","","","",""
"-ms-touch-select","unsupported","","","","","","",""
"-ms-user-select","unsupported","","","","","","",""
"-ms-wrap-flow","unsupported","","","","","","",""
"-ms-wrap-margin","unsupported","","","","","","",""
"-ms-wrap-through","unsupported","","","","","","",""
"-webkit-appearance","preserved","button","button","button","button","button","2895",""
"-webkit-border-after","preserved","24px","0px none rgb(23, 37, 30)","0px none rgb(23, 37, 30)","0px none rgb(23, 37, 30)","0px none rgb(23, 37, 30)","606",""
"-webkit-border-after-color","preserved","red","rgb(255, 0, 0)","rgb(255, 0, 0)","rgb(255, 0, 0)","rgb(255, 0, 0)","1154.6",""
"-webkit-border-after-style","preserved","none","none","none","none","none","94.2",""
"-webkit-border-after-width","preserved","24px","24px","24px","24px","24px","1853",""
"-webkit-border-before","preserved","24px","0px none rgb(23, 37, 30)","0px none rgb(23, 37, 30)","0px none rgb(23, 37, 30)","0px none rgb(23, 37, 30)","178.3",""
"-webkit-border-before-color","preserved","red","rgb(255, 0, 0)","rgb(255, 0, 0)","rgb(255, 0, 0)","rgb(255, 0, 0)","42.5",""
"-webkit-border-before-style","preserved","none","none","none","none","none","106.2",""
"-webkit-border-before-width","preserved","24px","24px","24px","24px","24px","54.9",""
"-webkit-border-end","preserved","24px","0px none rgb(23, 37, 30)","0px none rgb(23, 37, 30)","0px none rgb(23, 37, 30)","0px none rgb(23, 37, 30)","147.9",""
"-webkit-border-end-color","preserved","red","rgb(255, 0, 0)","rgb(255, 0, 0)","rgb(255, 0, 0)","rgb(255, 0, 0)","78.5",""
"-webkit-border-end-style","preserved","none","none","none","none","none","99.3",""
"-webkit-border-end-width","preserved","24px","24px","24px","24px","24px","126.1",""
"-webkit-border-horizontal-spacing","preserved","24px","24px","24px","24px","24px","77",""
"-webkit-border-image","preserved","linear-gradient(red, blue)","linear-gradient(rgb(255, 0, 0), rgb(0, 0, 255)) 100% / 1 / 0 stretch","linear-gradient(rgb(255, 0, 0), rgb(0, 0, 255)) 100% / 1 / 0 stretch","linear-gradient(rgb(255, 0, 0), rgb(0, 0, 255)) 100% / 1 / 0 stretch","linear-gradient(rgb(255, 0, 0), rgb(0, 0, 255)) 100% / 1 / 0 stretch","82.5",""
"-webkit-border-start","preserved","24px","0px none rgb(23, 37, 30)","0px none rgb(23, 37, 30)","0px none rgb(23, 37, 30)","0px none rgb(23, 37, 30)","38.9",""
"-webkit-border-start-color","preserved","red","rgb(255, 0, 0)","rgb(255, 0, 0)","rgb(255, 0, 0)","rgb(255, 0, 0)","157.7",""
"-webkit-border-start-style","preserved","none","none","none","none","none","43.5",""
"-webkit-border-start-width","preserved","24px","24px","24px","24px","24px","65.5",""
"-webkit-border-vertical-spacing","preserved","24px","24px","24px","24px","24px","46.1",""
"-webkit-box-align","preserved","center","center","center","center","center","40.3",""
"-webkit-box-decoration-break","preserved","clone","clone","clone","clone","clone","48.6",""
"-webkit-box-direction","preserved","reverse","reverse","reverse","reverse","reverse","47.5",""
"-webkit-box-flex","preserved","2","2","2","2","2","43.9",""
"-webkit-box-ordinal-group","preserved","2","2","2","2","2","34.9",""
"-webkit-box-orient","untested","","","","","","",""
"-webkit-box-pack","preserved","center","center","center","center","center","35.7",""
"-webkit-box-reflect","preserved","above","above 0px none","above 0px none","above 0px none","above 0px none","356.4",""
"-webkit-font-smoothing","preserved","none","none","none","none","none","35.5",""
"-webkit-line-break","preserved","normal","normal","normal","normal","normal","30.4",""
"-webkit-line-clamp","preserved","2","2","2","2","2","17.5",""
"-webkit-locale","preserved","auto","auto","auto","auto","auto","20.9",""
"-webkit-mask","preserved","padding","padding-box","padding-box","padding-box","padding-box","50.9",""
"-webkit-mask-attachment","unsupported","","","","","","",""
"-webkit-mask-box-image","preserved","linear-gradient(red, blue)","linear-gradient(rgb(255, 0, 0), rgb(0, 0, 255)) 0 fill / auto / 0 stretch","linear-gradient(rgb(255, 0, 0), rgb(0, 0, 255)) 0 fill / auto / 0 stretch","linear-gradient(rgb(255, 0, 0), rgb(0, 0, 255)) 0 fill / auto / 0 stretch","linear-gradient(rgb(255, 0, 0), rgb(0, 0, 255)) 0 fill / auto / 0 stretch","63.8",""
"-webkit-mask-box-image-outset","preserved","24px","24px","24px","24px","24px","28.9",""
"-webkit-mask-box-image-repeat","preserved","round","round","round","round","round","17.9",""
"-webkit-mask-box-image-slice","preserved","25%","25%","25%","25%","25%","21.5",""
"-webkit-mask-box-image-source","preserved","linear-gradient(red, blue)","linear-gradient(rgb(255, 0, 0), rgb(0, 0, 255))","linear-gradient(rgb(255, 0, 0), rgb(0, 0, 255))","linear-gradient(rgb(255, 0, 0), rgb(0, 0, 255))","linear-gradient(rgb(255, 0, 0), rgb(0, 0, 255))","13.9",""
"-webkit-mask-box-image-width","preserved","24px","24px","24px","24px","24px","22",""
"-webkit-mask-clip","preserved","padding","padding-box","padding-box","padding-box","padding-box","37",""
"-webkit-mask-composite","preserved","xor","xor","xor","xor","xor","156.9",""
"-webkit-mask-image","preserved","linear-gradient(red, blue)","linear-gradient(rgb(255, 0, 0), rgb(0, 0, 255))","linear-gradient(rgb(255, 0, 0), rgb(0, 0, 255))","linear-gradient(rgb(255, 0, 0), rgb(0, 0, 255))","linear-gradient(rgb(255, 0, 0), rgb(0, 0, 255))","102",""
"-webkit-mask-origin","preserved","padding","padding-box","padding-box","padding-box","padding-box","43.4",""
"-webkit-mask-position","preserved","24px","24px 50%","24px 50%","24px 50%","24px 50%","1072.7",""
"-webkit-mask-position-x","preserved","center","50%","50%","50%","50%","101.2",""
"-webkit-mask-position-y","preserved","center","50%","50%","50%","50%","25.1",""
"-webkit-mask-repeat","preserved","repeat-x","repeat-x","repeat-x","repeat-x","repeat-x","31.4",""
"-webkit-mask-repeat-x","unsupported","","","","","","",""
"-webkit-mask-repeat-y","unsupported","","","","","","",""
"-webkit-mask-size","preserved","24px","24px","24px","24px","24px","35.1",""
"-webkit-overflow-scrolling","unsupported","","","","","","",""
"-webkit-rtl-ordering","untested","","","","","","",""
"-webkit-ruby-position","untested","","","","","","",""
"-webkit-tap-highlight-color","native","","","","","","",""
"-webkit-text-combine","untested","","","","","","",""
"-webkit-text-decorations-in-effect","untested","","","","","","",""
"-webkit-text-fill-color","preserved","red","rgb(255, 0, 0)","rgb(255, 0, 0)","rgb(255, 0, 0)","rgb(255, 0, 0)","31.2",""
"-webkit-text-orientation","untested","","","","","","",""
"-webkit-text-security","preserved","disc","disc","disc","disc","disc","120.4",""
"-webkit-text-stroke","preserved","24px","24px rgb(23, 37, 30)","24px rgb(23, 37, 30)","24px rgb(23, 37, 30)","24px rgb(23, 37, 30)","214.8",""
"-webkit-text-stroke-color","preserved","red","rgb(255, 0, 0)","rgb(255, 0, 0)","rgb(255, 0, 0)","rgb(255, 0, 0)","27.8",""
"-webkit-text-stroke-width","preserved","24px","24px","24px","24px","24px","9.6",""
"-webkit-touch-callout","unsupported","","","","","","",""
"-webkit-user-drag","preserved","none","none","none","none","none","35.8",""
"-webkit-user-modify","preserved","read-write","read-write","read-write","read-write","read-write","27.8",""
"-webkit-user-select","native","","","","","","",""
"-webkit-writing-mode","preserved","vertical-rl","vertical-rl","vertical-rl","vertical-rl","vertical-rl","112.6",""
"accent-color","preserved","red","rgb(255, 0, 0)","rgb(255, 0, 0)","rgb(255, 0, 0)","rgb(255, 0, 0)","38.8",""
"align-content","preserved","center","center","center","center","center","26.9",""
"align-items","preserved","stretch","stretch","stretch","stretch","stretch","36.2",""
"align-self","preserved","normal","normal","normal","normal","normal","42.5",""
"align-tracks","unsupported","","","","","","",""
"alignment-baseline","preserved","baseline","baseline","baseline","baseline","baseline","32.2",""
"all","untested","","","","","","",""
"anchor-name","preserved","--pc-example","--pc-example","--pc-example","--pc-example","--pc-example","29.3",""
"anchor-scope","preserved","all","all","all","all","all","37.3",""
"animation","native","","","","","","",""
"animation-composition","native","","","","","","",""
"animation-delay","native","","","","","","",""
"animation-direction","native","","","","","","",""
"animation-duration","native","","","","","","",""
"animation-fill-mode","native","","","","","","",""
"animation-iteration-count","native","","","","","","",""
"animation-name","native","","","","","","",""
"animation-play-state","native","","","","","","",""
"animation-range","native","","","","","","",""
"animation-range-end","native","","","","","","",""
"animation-range-start","native","","","","","","",""
"animation-timeline","native","","","","","","",""
"animation-timing-function","native","","","","","","",""
"animation-trigger","native","","","","","","",""
"app-region","preserved","none","no-drag","no-drag","no-drag","no-drag","22.6",""
"appearance","preserved","auto","auto","auto","auto","auto","32",""
"aspect-ratio","preserved","2","2 / 1","2 / 1","2 / 1","2 / 1","59.2",""
"backdrop-filter","preserved","blur(2px)","blur(2px)","blur(2px)","blur(2px)","blur(2px)","230.7",""
"backface-visibility","preserved","hidden","hidden","hidden","hidden","hidden","66.5",""
"background","preserved","linear-gradient(red,blue)","rgba(0, 0, 0, 0) linear-gradient(rgb(255, 0, 0), rgb(0, 0, 255)) repeat scroll 0% 0% / auto padding-box border-box","rgba(0, 0, 0, 0) linear-gradient(rgb(255, 0, 0), rgb(0, 0, 255)) repeat scroll 0% 0% / auto padding-box border-box","rgba(0, 0, 0, 0) linear-gradient(rgb(255, 0, 0), rgb(0, 0, 255)) repeat scroll 0% 0% / auto padding-box border-box","rgba(0, 0, 0, 0) linear-gradient(rgb(255, 0, 0), rgb(0, 0, 255)) repeat scroll 0% 0% / auto padding-box border-box","35.7",""
"background-attachment","preserved","fixed","fixed","fixed","fixed","fixed","26.7",""
"background-blend-mode","preserved","multiply","multiply","multiply","multiply","multiply","60",""
"background-clip","preserved","content-box","content-box","content-box","content-box","content-box","36.2",""
"background-color","preserved","red","rgb(255, 0, 0)","rgb(255, 0, 0)","rgb(255, 0, 0)","rgb(255, 0, 0)","45.5",""
"background-image","preserved","linear-gradient(red, blue)","linear-gradient(rgb(255, 0, 0), rgb(0, 0, 255))","linear-gradient(rgb(255, 0, 0), rgb(0, 0, 255))","linear-gradient(rgb(255, 0, 0), rgb(0, 0, 255))","linear-gradient(rgb(255, 0, 0), rgb(0, 0, 255))","37.1",""
"background-origin","preserved","content-box","content-box","content-box","content-box","content-box","50.8",""
"background-position","preserved","24px","24px 50%","24px 50%","24px 50%","24px 50%","45.8",""
"background-position-x","preserved","center","50%","50%","50%","50%","31.5",""
"background-position-y","preserved","center","50%","50%","50%","50%","47.1",""
"background-repeat","preserved","repeat-x","repeat-x","repeat-x","repeat-x","repeat-x","54",""
"background-size","preserved","24px","24px","24px","24px","24px","30",""
"baseline-shift","preserved","sub","sub","sub","sub","sub","39.9",""
"baseline-source","preserved","first","first","first","first","first","40.8",""
"block-size","preserved","24px","32px","32px","32px","32px","47",""
"border","preserved","4px solid red","4px solid rgb(255, 0, 0)","4px solid rgb(255, 0, 0)","4px solid rgb(255, 0, 0)","4px solid rgb(255, 0, 0)","53.5",""
"border-block","preserved","24px","0px none rgb(23, 37, 30)","0px none rgb(23, 37, 30)","0px none rgb(23, 37, 30)","0px none rgb(23, 37, 30)","62.7",""
"border-block-color","preserved","red","rgb(255, 0, 0)","rgb(255, 0, 0)","rgb(255, 0, 0)","rgb(255, 0, 0)","49.9",""
"border-block-end","preserved","24px","0px none rgb(23, 37, 30)","0px none rgb(23, 37, 30)","0px none rgb(23, 37, 30)","0px none rgb(23, 37, 30)","67.1",""
"border-block-end-color","preserved","red","rgb(255, 0, 0)","rgb(255, 0, 0)","rgb(255, 0, 0)","rgb(255, 0, 0)","1369.6",""
"border-block-end-style","preserved","none","none","none","none","none","48.1",""
"border-block-end-width","preserved","24px","24px","24px","24px","24px","57.3",""
"border-block-start","preserved","24px","0px none rgb(23, 37, 30)","0px none rgb(23, 37, 30)","0px none rgb(23, 37, 30)","0px none rgb(23, 37, 30)","59.2",""
"border-block-start-color","preserved","red","rgb(255, 0, 0)","rgb(255, 0, 0)","rgb(255, 0, 0)","rgb(255, 0, 0)","53.8",""
"border-block-start-style","preserved","none","none","none","none","none","59.7",""
"border-block-start-width","preserved","24px","24px","24px","24px","24px","55.2",""
"border-block-style","preserved","none","none","none","none","none","101.9",""
"border-block-width","preserved","24px","24px","24px","24px","24px","159.2",""
"border-bottom","preserved","24px","0px none rgb(23, 37, 30)","0px none rgb(23, 37, 30)","0px none rgb(23, 37, 30)","0px none rgb(23, 37, 30)","70.6",""
"border-bottom-color","preserved","red","rgb(255, 0, 0)","rgb(255, 0, 0)","rgb(255, 0, 0)","rgb(255, 0, 0)","15.1",""
"border-bottom-left-radius","preserved","24px","24px","24px","24px","24px","58.3",""
"border-bottom-right-radius","preserved","24px","24px","24px","24px","24px","42.3",""
"border-bottom-style","preserved","none","none","none","none","none","13.2",""
"border-bottom-width","preserved","24px","24px","24px","24px","24px","19.1",""
"border-collapse","preserved","collapse","collapse","collapse","collapse","collapse","70.8",""
"border-color","preserved","red","rgb(255, 0, 0)","rgb(255, 0, 0)","rgb(255, 0, 0)","rgb(255, 0, 0)","58",""
"border-end-end-radius","preserved","24px","24px","24px","24px","24px","28.6",""
"border-end-start-radius","preserved","24px","24px","24px","24px","24px","23.8",""
"border-image","preserved","linear-gradient(red,blue) 1","linear-gradient(rgb(255, 0, 0), rgb(0, 0, 255)) 1 / 1 / 0 stretch","linear-gradient(rgb(255, 0, 0), rgb(0, 0, 255)) 1 / 1 / 0 stretch","linear-gradient(rgb(255, 0, 0), rgb(0, 0, 255)) 1 / 1 / 0 stretch","linear-gradient(rgb(255, 0, 0), rgb(0, 0, 255)) 1 / 1 / 0 stretch","67.1",""
"border-image-outset","preserved","24px","24px","24px","24px","24px","48.1",""
"border-image-repeat","preserved","repeat","repeat","repeat","repeat","repeat","53.5",""
"border-image-slice","preserved","25%","25%","25%","25%","25%","43.8",""
"border-image-source","preserved","linear-gradient(red, blue)","linear-gradient(rgb(255, 0, 0), rgb(0, 0, 255))","linear-gradient(rgb(255, 0, 0), rgb(0, 0, 255))","linear-gradient(rgb(255, 0, 0), rgb(0, 0, 255))","linear-gradient(rgb(255, 0, 0), rgb(0, 0, 255))","37.7",""
"border-image-width","preserved","auto","auto","auto","auto","auto","31.2",""
"border-inline","preserved","24px","0px none rgb(23, 37, 30)","0px none rgb(23, 37, 30)","0px none rgb(23, 37, 30)","0px none rgb(23, 37, 30)","47.5",""
"border-inline-color","preserved","red","rgb(255, 0, 0)","rgb(255, 0, 0)","rgb(255, 0, 0)","rgb(255, 0, 0)","425.5",""
"border-inline-end","preserved","24px","0px none rgb(23, 37, 30)","0px none rgb(23, 37, 30)","0px none rgb(23, 37, 30)","0px none rgb(23, 37, 30)","852.9",""
"border-inline-end-color","preserved","red","rgb(255, 0, 0)","rgb(255, 0, 0)","rgb(255, 0, 0)","rgb(255, 0, 0)","51.9",""
"border-inline-end-style","preserved","none","none","none","none","none","29.2",""
"border-inline-end-width","preserved","24px","24px","24px","24px","24px","25.5",""
"border-inline-start","preserved","24px","0px none rgb(23, 37, 30)","0px none rgb(23, 37, 30)","0px none rgb(23, 37, 30)","0px none rgb(23, 37, 30)","25.9",""
"border-inline-start-color","preserved","red","rgb(255, 0, 0)","rgb(255, 0, 0)","rgb(255, 0, 0)","rgb(255, 0, 0)","33",""
"border-inline-start-style","preserved","none","none","none","none","none","29.5",""
"border-inline-start-width","preserved","24px","24px","24px","24px","24px","24.6",""
"border-inline-style","preserved","none","none","none","none","none","32.4",""
"border-inline-width","preserved","24px","24px","24px","24px","24px","26.8",""
"border-left","preserved","24px","0px none rgb(23, 37, 30)","0px none rgb(23, 37, 30)","0px none rgb(23, 37, 30)","0px none rgb(23, 37, 30)","36.3",""
"border-left-color","preserved","red","rgb(255, 0, 0)","rgb(255, 0, 0)","rgb(255, 0, 0)","rgb(255, 0, 0)","12.7",""
"border-left-style","preserved","none","none","none","none","none","14.4",""
"border-left-width","preserved","24px","24px","24px","24px","24px","12.8",""
"border-radius","preserved","24px","24px","24px","24px","24px","54.7",""
"border-right","preserved","24px","0px none rgb(23, 37, 30)","0px none rgb(23, 37, 30)","0px none rgb(23, 37, 30)","0px none rgb(23, 37, 30)","15.1",""
"border-right-color","preserved","red","rgb(255, 0, 0)","rgb(255, 0, 0)","rgb(255, 0, 0)","rgb(255, 0, 0)","10.5",""
"border-right-style","preserved","none","none","none","none","none","11.1",""
"border-right-width","preserved","24px","24px","24px","24px","24px","19.8",""
"border-shape","preserved","inset(10%)","inset(10%)","inset(10%)","inset(10%)","inset(10%)","296.7",""
"border-spacing","preserved","24px","24px","24px","24px","24px","44.9",""
"border-start-end-radius","preserved","24px","24px","24px","24px","24px","30.5",""
"border-start-start-radius","preserved","24px","24px","24px","24px","24px","29.9",""
"border-style","preserved","none","none","none","none","none","18.6",""
"border-top","preserved","24px","0px none rgb(23, 37, 30)","0px none rgb(23, 37, 30)","0px none rgb(23, 37, 30)","0px none rgb(23, 37, 30)","208.3",""
"border-top-color","preserved","red","rgb(255, 0, 0)","rgb(255, 0, 0)","rgb(255, 0, 0)","rgb(255, 0, 0)","31.5",""
"border-top-left-radius","preserved","24px","24px","24px","24px","24px","9.8",""
"border-top-right-radius","preserved","24px","24px","24px","24px","24px","14.4",""
"border-top-style","preserved","none","none","none","none","none","26.4",""
"border-top-width","preserved","24px","24px","24px","24px","24px","44.5",""
"border-width","preserved","24px","24px","24px","24px","24px","45.5",""
"bottom","preserved","24px","24px","24px","24px","24px","22.7",""
"box-align","unsupported","","","","","","",""
"box-decoration-break","preserved","clone","clone","clone","clone","clone","23",""
"box-direction","unsupported","","","","","","",""
"box-flex","unsupported","","","","","","",""
"box-flex-group","unsupported","","","","","","",""
"box-lines","unsupported","","","","","","",""
"box-ordinal-group","unsupported","","","","","","",""
"box-orient","unsupported","","","","","","",""
"box-pack","unsupported","","","","","","",""
"box-shadow","preserved","3px 4px 2px red","rgb(255, 0, 0) 3px 4px 2px 0px","rgb(255, 0, 0) 3px 4px 2px 0px","rgb(255, 0, 0) 3px 4px 2px 0px","rgb(255, 0, 0) 3px 4px 2px 0px","36.7",""
"box-sizing","preserved","content-box","content-box","content-box","content-box","content-box","47.7",""
"break-after","preserved","avoid","avoid","avoid","avoid","avoid","26.7",""
"break-before","preserved","avoid","avoid","avoid","avoid","avoid","24.8",""
"break-inside","preserved","avoid","avoid","avoid","avoid","avoid","48.2",""
"buffered-rendering","untested","","","","","","",""
"caption-side","preserved","bottom","bottom","bottom","bottom","bottom","37.3",""
"caret","unsupported","","","","","","",""
"caret-animation","native","","","","","","",""
"caret-color","native","","","","","","",""
"caret-shape","native","","","","","","",""
"clear","preserved","left","left","left","left","left","30.1",""
"clip","preserved","rect(0px, 100px, 80px, 0px)","rect(0px, 100px, 80px, 0px)","rect(0px, 100px, 80px, 0px)","rect(0px, 100px, 80px, 0px)","rect(0px, 100px, 80px, 0px)","31.8",""
"clip-path","preserved","circle(35% at 50% 50%)","circle(35% at 50% 50%)","circle(35% at 50% 50%)","circle(35% at 50% 50%)","circle(35% at 50% 50%)","230.6",""
"clip-rule","preserved","evenodd","evenodd","evenodd","evenodd","evenodd","23.5",""
"color","preserved","red","rgb(255, 0, 0)","rgb(255, 0, 0)","rgb(255, 0, 0)","rgb(255, 0, 0)","61.3",""
"color-interpolation","preserved","auto","auto","auto","auto","auto","41.2",""
"color-interpolation-filters","preserved","auto","auto","auto","auto","auto","41.5",""
"color-rendering","preserved","optimizeSpeed","optimizespeed","optimizespeed","optimizespeed","optimizespeed","31.6",""
"color-scheme","preserved","light","light","light","light","light","29.4",""
"column-count","preserved","2","2","2","2","2","175.7",""
"column-fill","preserved","auto","auto","auto","auto","auto","37.6",""
"column-gap","preserved","24px","24px","24px","24px","24px","35.8",""
"column-height","preserved","24px","24px","24px","24px","24px","34.7",""
"column-rule","preserved","24px","24px rgb(23, 37, 30)","24px rgb(23, 37, 30)","24px rgb(23, 37, 30)","24px rgb(23, 37, 30)","273.7",""
"column-rule-break","preserved","none","none","none","none","none","43.8",""
"column-rule-color","preserved","red","rgb(255, 0, 0)","rgb(255, 0, 0)","rgb(255, 0, 0)","rgb(255, 0, 0)","37.1",""
"column-rule-inset-cap-end","preserved","24px","24px","24px","24px","24px","60.2",""
"column-rule-inset-cap-start","preserved","24px","24px","24px","24px","24px","96.6",""
"column-rule-inset-junction-end","preserved","24px","24px","24px","24px","24px","55.4",""
"column-rule-inset-junction-start","preserved","24px","24px","24px","24px","24px","47.4",""
"column-rule-style","preserved","solid","solid","solid","solid","solid","58.9",""
"column-rule-visibility-items","untested","","","","","","",""
"column-rule-width","preserved","24px","24px","24px","24px","24px","26.3",""
"column-span","preserved","all","all","all","all","all","50.8",""
"column-width","preserved","24px","24px","24px","24px","24px","40.3",""
"column-wrap","preserved","nowrap","nowrap","nowrap","nowrap","nowrap","44.9",""
"columns","preserved","24px","24px","24px","24px","24px","43.7",""
"contain","preserved","layout paint","layout paint","layout paint","layout paint","layout paint","118",""
"contain-intrinsic-block-size","preserved","24px","24px","24px","24px","24px","49.9",""
"contain-intrinsic-height","preserved","24px","24px","24px","24px","24px","23.5",""
"contain-intrinsic-inline-size","preserved","24px","24px","24px","24px","24px","417.3",""
"contain-intrinsic-size","preserved","24px","24px","24px","24px","24px","45.7",""
"contain-intrinsic-width","preserved","24px","24px","24px","24px","24px","10.6",""
"container","preserved","test / inline-size","test / inline-size","test / inline-size","test / inline-size","test / inline-size","81.9",""
"container-name","preserved","red","red","red","red","red","50.6",""
"container-type","preserved","size","size","size","size","size","55",""
"content","preserved","""CSS""","""CSS""","""CSS""","""CSS""","""CSS""","37.9",""
"content-visibility","preserved","auto","auto","auto","auto","auto","848.5",""
"corner-block-end-shape","preserved","squircle","squircle","squircle","squircle","squircle","41",""
"corner-block-start-shape","preserved","squircle","squircle","squircle","squircle","squircle","44.7",""
"corner-bottom-left-shape","preserved","squircle","squircle","squircle","squircle","squircle","53",""
"corner-bottom-right-shape","preserved","squircle","squircle","squircle","squircle","squircle","37.5",""
"corner-bottom-shape","preserved","squircle","squircle","squircle","squircle","squircle","16.1",""
"corner-end-end-shape","preserved","squircle","squircle","squircle","squircle","squircle","17",""
"corner-end-start-shape","preserved","squircle","squircle","squircle","squircle","squircle","14.2",""
"corner-inline-end-shape","preserved","squircle","squircle","squircle","squircle","squircle","67.2",""
"corner-inline-start-shape","preserved","squircle","squircle","squircle","squircle","squircle","77.7",""
"corner-left-shape","preserved","squircle","squircle","squircle","squircle","squircle","19.7",""
"corner-right-shape","preserved","squircle","squircle","squircle","squircle","squircle","23.4",""
"corner-shape","preserved","squircle","squircle","squircle","squircle","squircle","88.9",""
"corner-start-end-shape","preserved","squircle","squircle","squircle","squircle","squircle","1476.7",""
"corner-start-start-shape","preserved","squircle","squircle","squircle","squircle","squircle","200.2",""
"corner-top-left-shape","preserved","squircle","squircle","squircle","squircle","squircle","22.8",""
"corner-top-right-shape","preserved","squircle","squircle","squircle","squircle","squircle","13.1",""
"corner-top-shape","preserved","squircle","squircle","squircle","squircle","squircle","27.9",""
"counter-increment","preserved","chapter 2","chapter 2","chapter 2","chapter 2","chapter 2","24.3",""
"counter-reset","preserved","chapter 2","chapter 2","chapter 2","chapter 2","chapter 2","123.7",""
"counter-set","preserved","chapter 2","chapter 2","chapter 2","chapter 2","chapter 2","17.5",""
"cursor","native","","","","","","",""
"cx","preserved","24px","24px","24px","24px","24px","37.5",""
"cy","preserved","24px","24px","24px","24px","24px","17.9",""
"d","preserved","path(""M 0 0 L 40 40"")","path(""M 0 0 L 40 40"")","path(""M 0 0 L 40 40"")","path(""M 0 0 L 40 40"")","path(""M 0 0 L 40 40"")","80.8",""
"direction","preserved","rtl","rtl","rtl","rtl","rtl","40.8",""
"display","preserved","none","none","none","none","none","451.9",""
"dominant-baseline","preserved","alphabetic","alphabetic","alphabetic","alphabetic","alphabetic","107.3",""
"dynamic-range-limit","preserved","standard","standard","standard","standard","standard","25",""
"empty-cells","preserved","hide","hide","hide","hide","hide","270.1",""
"field-sizing","preserved","content","content","content","content","content","34.2",""
"fill","preserved","red","rgb(255, 0, 0)","rgb(255, 0, 0)","rgb(255, 0, 0)","rgb(255, 0, 0)","29.4",""
"fill-opacity","preserved","25%","0.25","0.25","0.25","0.25","32.4",""
"fill-rule","preserved","evenodd","evenodd","evenodd","evenodd","evenodd","23.1",""
"filter","preserved","blur(2px)","blur(2px)","blur(2px)","blur(2px)","blur(2px)","135.6",""
"flex","preserved","none","0 0 auto","0 0 auto","0 0 auto","0 0 auto","45.8",""
"flex-basis","preserved","content","content","content","content","content","29.8",""
"flex-direction","preserved","row-reverse","row-reverse","row-reverse","row-reverse","row-reverse","55",""
"flex-flow","preserved","wrap","row wrap","row wrap","row wrap","row wrap","49.2",""
"flex-grow","preserved","2","2","2","2","2","26.8",""
"flex-line-count","preserved","2","2","2","2","2","31",""
"flex-shrink","preserved","2","2","2","2","2","25.6",""
"flex-wrap","preserved","wrap","wrap","wrap","wrap","wrap","8.5",""
"float","preserved","left","left","left","left","left","44.1",""
"flood-color","preserved","red","rgb(255, 0, 0)","rgb(255, 0, 0)","rgb(255, 0, 0)","rgb(255, 0, 0)","377.3",""
"flood-opacity","preserved","25%","0.25","0.25","0.25","0.25","31.9",""
"font","preserved","italic 20px/1.4 Arial","italic 20px / 28px Arial","italic 20px / 28px Arial","italic 20px / 28px Arial","italic 20px / 28px Arial","48.7",""
"font-family","preserved","Georgia, serif","Georgia, serif","Georgia, serif","Georgia, serif","Georgia, serif","40.5",""
"font-feature-settings","preserved","""liga"" 0","""liga"" 0","""liga"" 0","""liga"" 0","""liga"" 0","122.3",""
"font-kerning","preserved","normal","normal","normal","normal","normal","38.3",""
"font-language-override","preserved","""CSS""","""CSS""","""CSS""","""CSS""","""CSS""","27.9",""
"font-optical-sizing","preserved","none","none","none","none","none","29",""
"font-palette","preserved","light","light","light","light","light","24.2",""
"font-size","preserved","22px","22px","22px","22px","22px","29.9",""
"font-size-adjust","preserved","from-font","0.518555","0.518555","0.518555","0.518555","29.1",""
"font-smooth","unsupported","","","","","","",""
"font-stretch","preserved","25%","25%","25%","25%","25%","450",""
"font-style","preserved","italic","italic","italic","italic","italic","30",""
"font-synthesis","preserved","none","none","none","none","none","61.7",""
"font-synthesis-position","unsupported","","","","","","",""
"font-synthesis-small-caps","preserved","none","none","none","none","none","483.9",""
"font-synthesis-style","preserved","none","none","none","none","none","89.6",""
"font-synthesis-weight","preserved","none","none","none","none","none","25.5",""
"font-variant","preserved","none","none","none","none","none","47.7",""
"font-variant-alternates","preserved","historical-forms","historical-forms","historical-forms","historical-forms","historical-forms","26.2",""
"font-variant-caps","preserved","small-caps","small-caps","small-caps","small-caps","small-caps","25.6",""
"font-variant-east-asian","preserved","ruby","ruby","ruby","ruby","ruby","30.9",""
"font-variant-emoji","preserved","text","text","text","text","text","50.5",""
"font-variant-ligatures","preserved","none","none","none","none","none","9.8",""
"font-variant-numeric","preserved","ordinal","ordinal","ordinal","ordinal","ordinal","19.5",""
"font-variant-position","preserved","sub","sub","sub","sub","sub","34.8",""
"font-variation-settings","preserved","""wght"" 650","""wght"" 650","""wght"" 650","""wght"" 650","""wght"" 650","83.6",""
"font-weight","preserved","bolder","700","700","700","700","22.9",""
"font-width","unsupported","","","","","","",""
"forced-color-adjust","preserved","none","none","none","none","none","25.5",""
"frame-sizing","unsupported","","","","","","",""
"gap","preserved","24px","24px","24px","24px","24px","27.1",""
"grid","preserved","""CSS""","auto / none / ""CSS"" / row / auto / auto","auto / none / ""CSS"" / row / auto / auto","auto / none / ""CSS"" / row / auto / auto","auto / none / ""CSS"" / row / auto / auto","61.9",""
"grid-area","preserved","2","2","2","2","2","42.4",""
"grid-auto-columns","preserved","24px","24px","24px","24px","24px","28.6",""
"grid-auto-flow","preserved","column","column","column","column","column","31",""
"grid-auto-rows","preserved","24px","24px","24px","24px","24px","18.1",""
"grid-column","preserved","2","2","2","2","2","35.1",""
"grid-column-end","preserved","2","2","2","2","2","19.3",""
"grid-column-gap","preserved","24px","24px","24px","24px","24px","27.7",""
"grid-column-start","preserved","2","2","2","2","2","13.1",""
"grid-gap","preserved","24px","24px","24px","24px","24px","16.7",""
"grid-row","preserved","2","2","2","2","2","94.1",""
"grid-row-end","preserved","2","2","2","2","2","23.8",""
"grid-row-gap","preserved","24px","24px","24px","24px","24px","19.3",""
"grid-row-start","preserved","2","2","2","2","2","14.6",""
"grid-template","preserved","40px 40px / 50px 50px","40px 40px / 50px 50px","40px 40px / 50px 50px","40px 40px / 50px 50px","40px 40px / 50px 50px","34",""
"grid-template-areas","preserved","""a b"" ""a b""","""a b"" ""a b""","""a b"" ""a b""","""a b"" ""a b""","""a b"" ""a b""","27.4",""
"grid-template-columns","preserved","subgrid","subgrid","subgrid","subgrid","subgrid","21.4",""
"grid-template-rows","preserved","subgrid","subgrid","subgrid","subgrid","subgrid","24.2",""
"hanging-punctuation","unsupported","","","","","","",""
"height","preserved","auto","52px","52px","52px","52px","33",""
"hyphenate-character","preserved","""CSS""","""CSS""","""CSS""","""CSS""","""CSS""","31.1",""
"hyphenate-limit-chars","preserved","2","2","2","2","2","55.3",""
"hyphens","preserved","none","none","none","none","none","203.6",""
"image-orientation","preserved","none","none","none","none","none","22.9",""
"image-rendering","preserved","crisp-edges","crisp-edges","crisp-edges","crisp-edges","crisp-edges","23.1",""
"image-resolution","unsupported","","","","","","",""
"ime-mode","unsupported","","","","","","",""
"initial-letter","preserved","2","2","2","2","2","28.1",""
"initial-letter-align","unsupported","","","","","","",""
"inline-size","preserved","24px","32px","32px","32px","32px","18.4",""
"inset","preserved","24px","24px","24px","24px","24px","31.3",""
"inset-block","preserved","24px","24px","24px","24px","24px","26.3",""
"inset-block-end","preserved","24px","24px","24px","24px","24px","20",""
"inset-block-start","preserved","24px","24px","24px","24px","24px","392.7",""
"inset-inline","preserved","24px","24px","24px","24px","24px","266.6",""
"inset-inline-end","preserved","24px","24px","24px","24px","24px","48.2",""
"inset-inline-start","preserved","24px","24px","24px","24px","24px","19.7",""
"interactivity","preserved","inert","inert","inert","inert","inert","18.5",""
"interest-delay","preserved","1s","1s","1s","1s","1s","27.5",""
"interest-delay-end","preserved","1s","1s","1s","1s","1s","36.3",""
"interest-delay-start","preserved","1s","1s","1s","1s","1s","39.1",""
"interpolate-size","preserved","allow-keywords","allow-keywords","allow-keywords","allow-keywords","allow-keywords","20.9",""
"isolation","preserved","isolate","isolate","isolate","isolate","isolate","29.3",""
"justify-content","preserved","left","left","left","left","left","27.3",""
"justify-items","preserved","stretch","stretch","stretch","stretch","stretch","23.7",""
"justify-self","preserved","normal","normal","normal","normal","normal","36.9",""
"justify-tracks","unsupported","","","","","","",""
"left","preserved","24px","24px","24px","24px","24px","10.8",""
"letter-spacing","preserved","24px","24px","24px","24px","24px","21.8",""
"lighting-color","preserved","red","rgb(255, 0, 0)","rgb(255, 0, 0)","rgb(255, 0, 0)","rgb(255, 0, 0)","21.7",""
"line-break","preserved","loose","loose","loose","loose","loose","26.9",""
"line-clamp","unsupported","","","","","","",""
"line-height","preserved","normal","normal","normal","normal","normal","22.4",""
"line-height-step","unsupported","","","","","","",""
"link-parameters","unsupported","","","","","","",""
"list-style","preserved","square inside","inside none square","inside none square","inside none square","inside none square","38.3",""
"list-style-image","preserved","linear-gradient(red, blue)","linear-gradient(rgb(255, 0, 0), rgb(0, 0, 255))","linear-gradient(rgb(255, 0, 0), rgb(0, 0, 255))","linear-gradient(rgb(255, 0, 0), rgb(0, 0, 255))","linear-gradient(rgb(255, 0, 0), rgb(0, 0, 255))","16.4",""
"list-style-position","preserved","inside","inside","inside","inside","inside","28.9",""
"list-style-type","preserved","none","none","none","none","none","23.2",""
"margin","preserved","24px","24px","24px","24px","24px","24.8",""
"margin-block","preserved","24px","24px","24px","24px","24px","36.6",""
"margin-block-end","preserved","24px","24px","24px","24px","24px","21.1",""
"margin-block-start","preserved","24px","24px","24px","24px","24px","28.3",""
"margin-bottom","preserved","auto","0px","0px","0px","0px","20.4",""
"margin-inline","preserved","24px","24px","24px","24px","24px","28.1",""
"margin-inline-end","preserved","24px","24px","24px","24px","24px","17.7",""
"margin-inline-start","preserved","24px","24px","24px","24px","24px","25.7",""
"margin-left","preserved","auto","140px","140px","140px","140px","24.3",""
"margin-right","preserved","auto","140px","140px","140px","140px","17.1",""
"margin-top","preserved","auto","0px","0px","0px","0px","27.4",""
"margin-trim","unsupported","","","","","","",""
"marker","untested","","","","","","",""
"marker-end","untested","","","","","","",""
"marker-mid","untested","","","","","","",""
"marker-start","untested","","","","","","",""
"mask","preserved","linear-gradient(white,transparent)","linear-gradient(rgb(255, 255, 255), rgba(0, 0, 0, 0))","linear-gradient(rgb(255, 255, 255), rgba(0, 0, 0, 0))","linear-gradient(rgb(255, 255, 255), rgba(0, 0, 0, 0))","linear-gradient(rgb(255, 255, 255), rgba(0, 0, 0, 0))","28.9",""
"mask-border","unsupported","","","","","","",""
"mask-border-mode","unsupported","","","","","","",""
"mask-border-outset","unsupported","","","","","","",""
"mask-border-repeat","unsupported","","","","","","",""
"mask-border-slice","unsupported","","","","","","",""
"mask-border-source","unsupported","","","","","","",""
"mask-border-width","unsupported","","","","","","",""
"mask-clip","preserved","no-clip","no-clip","no-clip","no-clip","no-clip","56.4",""
"mask-composite","preserved","exclude","exclude","exclude","exclude","exclude","27.2",""
"mask-image","preserved","linear-gradient(white,transparent)","linear-gradient(rgb(255, 255, 255), rgba(0, 0, 0, 0))","linear-gradient(rgb(255, 255, 255), rgba(0, 0, 0, 0))","linear-gradient(rgb(255, 255, 255), rgba(0, 0, 0, 0))","linear-gradient(rgb(255, 255, 255), rgba(0, 0, 0, 0))","16.1",""
"mask-mode","preserved","luminance","luminance","luminance","luminance","luminance","25.4",""
"mask-origin","preserved","content-box","content-box","content-box","content-box","content-box","23.5",""
"mask-position","preserved","24px","24px 50%","24px 50%","24px 50%","24px 50%","24.7",""
"mask-repeat","preserved","repeat-x","repeat-x","repeat-x","repeat-x","repeat-x","22.1",""
"mask-size","preserved","24px","24px","24px","24px","24px","19.2",""
"mask-type","preserved","alpha","alpha","alpha","alpha","alpha","34.2",""
"masonry-auto-flow","unsupported","","","","","","",""
"math-depth","preserved","2","2","2","2","2","16.9",""
"math-shift","preserved","compact","compact","compact","compact","compact","27.3",""
"math-style","preserved","compact","compact","compact","compact","compact","20.1",""
"max-block-size","preserved","24px","24px","24px","24px","24px","22.2",""
"max-height","preserved","min-content","min-content","min-content","min-content","min-content","24.8",""
"max-inline-size","preserved","24px","24px","24px","24px","24px","19.8",""
"max-lines","unsupported","","","","","","",""
"max-width","preserved","min-content","min-content","min-content","min-content","min-content","30",""
"min-block-size","preserved","24px","24px","24px","24px","24px","16.7",""
"min-height","preserved","min-content","min-content","min-content","min-content","min-content","24.7",""
"min-inline-size","preserved","24px","24px","24px","24px","24px","25.5",""
"min-width","preserved","min-content","min-content","min-content","min-content","min-content","23.7",""
"mix-blend-mode","preserved","plus-lighter","plus-lighter","plus-lighter","plus-lighter","plus-lighter","44.7",""
"object-fit","preserved","contain","contain","contain","contain","contain","29.6",""
"object-position","preserved","20% 30%","20% 30%","20% 30%","20% 30%","20% 30%","30.5",""
"object-view-box","preserved","inset(10%)","inset(10%)","inset(10%)","inset(10%)","inset(10%)","19.3",""
"offset","preserved","24px","24px 50% none 0px auto 0deg","24px 50% none 0px auto 0deg","24px 50% none 0px auto 0deg","24px 50% none 0px auto 0deg","105.4",""
"offset-anchor","preserved","24px","24px 50%","24px 50%","24px 50%","24px 50%","21.6",""
"offset-distance","preserved","24px","24px","24px","24px","24px","23.8",""
"offset-path","preserved","path(""M 0 0 L 40 40"")","path(""M 0 0 L 40 40"")","path(""M 0 0 L 40 40"")","path(""M 0 0 L 40 40"")","path(""M 0 0 L 40 40"")","45.3",""
"offset-position","preserved","auto","auto","auto","auto","auto","31",""
"offset-rotate","preserved","reverse","auto 180deg","auto 180deg","auto 180deg","auto 180deg","30.5",""
"opacity","preserved","25%","0.25","0.25","0.25","0.25","26",""
"order","preserved","2","2","2","2","2","26.8",""
"orphans","preserved","3","3","3","3","3","27.7",""
"outline","preserved","4px dashed blue","rgb(0, 0, 255) dashed 4px","rgb(0, 0, 255) dashed 4px","rgb(0, 0, 255) dashed 4px","rgb(0, 0, 255) dashed 4px","117.7",""
"outline-color","preserved","red","rgb(255, 0, 0)","rgb(255, 0, 0)","rgb(255, 0, 0)","rgb(255, 0, 0)","22",""
"outline-offset","preserved","24px","24px","24px","24px","24px","29.2",""
"outline-style","preserved","auto","auto","auto","auto","auto","116.4",""
"outline-width","preserved","24px","24px","24px","24px","24px","20.8",""
"overflow","preserved","hidden","hidden","hidden","hidden","hidden","37.4",""
"overflow-anchor","preserved","none","none","none","none","none","38.2",""
"overflow-block","preserved","hidden","hidden","hidden","hidden","hidden","69.8",""
"overflow-clip-box","unsupported","","","","","","",""
"overflow-clip-margin","preserved","24px","24px","24px","24px","24px","21.3",""
"overflow-inline","preserved","hidden","hidden","hidden","hidden","hidden","29",""
"overflow-wrap","preserved","break-word","break-word","break-word","break-word","break-word","23.8",""
"overflow-x","preserved","hidden","hidden","hidden","hidden","hidden","11.2",""
"overflow-y","preserved","hidden","hidden","hidden","hidden","hidden","13.1",""
"overlay","untested","","","","","","",""
"overscroll-behavior","native","","","","","","",""
"overscroll-behavior-block","native","","","","","","",""
"overscroll-behavior-inline","native","","","","","","",""
"overscroll-behavior-x","native","","","","","","",""
"overscroll-behavior-y","native","","","","","","",""
"padding","preserved","24px","24px","24px","24px","24px","25",""
"padding-block","preserved","24px","24px","24px","24px","24px","31.1",""
"padding-block-end","preserved","24px","24px","24px","24px","24px","22.1",""
"padding-block-start","preserved","24px","24px","24px","24px","24px","25.9",""
"padding-bottom","preserved","24px","24px","24px","24px","24px","9.7",""
"padding-inline","preserved","24px","24px","24px","24px","24px","33",""
"padding-inline-end","preserved","24px","24px","24px","24px","24px","23.5",""
"padding-inline-start","preserved","24px","24px","24px","24px","24px","30",""
"padding-left","preserved","24px","24px","24px","24px","24px","13.5",""
"padding-right","preserved","24px","24px","24px","24px","24px","11.6",""
"padding-top","preserved","24px","24px","24px","24px","24px","8.8",""
"page","mismatch","red","red","auto","red","auto","22.7",""
"page-break-after","preserved","always","always","always","always","always","29.4",""
"page-break-before","preserved","always","always","always","always","always","23.6",""
"page-break-inside","preserved","avoid","avoid","avoid","avoid","avoid","21.3",""
"paint-order","preserved","fill","fill","fill","fill","fill","97.7",""
"path-length","unsupported","","","","","","",""
"perspective","preserved","24px","24px","24px","24px","24px","132.6",""
"perspective-origin","preserved","24px","24px 50px","24px 50px","24px 50px","24px 50px","49.5",""
"place-content","preserved","center","center","center","center","center","27",""
"place-items","preserved","center","center","center","center","center","34",""
"place-self","preserved","normal","normal","normal","normal","normal","28.3",""
"pointer-events","native","","","","","","",""
"position","preserved","static","static","static","static","static","29.3",""
"position-anchor","preserved","auto","auto","auto","auto","auto","27.4",""
"position-area","preserved","center","center","center","center","center","21",""
"position-try","preserved","center","center","center","center","center","43.9",""
"position-try-fallbacks","preserved","center","center","center","center","center","11.5",""
"position-try-order","untested","","","","","","",""
"position-visibility","preserved","always","always","always","always","always","20.2",""
"print-color-adjust","preserved","exact","exact","exact","exact","exact","22.9",""
"quotes","preserved","""«"" ""»""","""«"" ""»""","""«"" ""»""","""«"" ""»""","""«"" ""»""","31.4",""
"r","preserved","24px","24px","24px","24px","24px","32.7",""
"reading-flow","preserved","source-order","source-order","source-order","source-order","source-order","21.4",""
"reading-order","preserved","2","2","2","2","2","20.5",""
"resize","native","","","","","","",""
"right","preserved","24px","24px","24px","24px","24px","19.8",""
"rotate","preserved","15deg","15deg","15deg","15deg","15deg","68.2",""
"row-gap","preserved","24px","24px","24px","24px","24px","17.8",""
"row-rule-break","preserved","none","none","none","none","none","21.8",""
"row-rule-color","preserved","red","rgb(255, 0, 0)","rgb(255, 0, 0)","rgb(255, 0, 0)","rgb(255, 0, 0)","28",""
"row-rule-inset-cap-end","preserved","24px","24px","24px","24px","24px","31",""
"row-rule-inset-cap-start","preserved","24px","24px","24px","24px","24px","42.3",""
"row-rule-inset-junction-end","preserved","24px","24px","24px","24px","24px","22.7",""
"row-rule-inset-junction-start","preserved","24px","24px","24px","24px","24px","27.1",""
"row-rule-style","preserved","solid","solid","solid","solid","solid","28.4",""
"row-rule-visibility-items","untested","","","","","","",""
"row-rule-width","preserved","24px","24px","24px","24px","24px","34.4",""
"ruby-align","preserved","start","start","start","start","start","17.4",""
"ruby-merge","unsupported","","","","","","",""
"ruby-overhang","preserved","none","spaces","spaces","spaces","spaces","21.3",""
"ruby-position","preserved","under","under","under","under","under","17.9",""
"rule-overlap","untested","","","","","","",""
"rx","preserved","24px","24px","24px","24px","24px","29.3",""
"ry","preserved","24px","24px","24px","24px","24px","28.6",""
"scale","preserved","0.8","0.8","0.8","0.8","0.8","90.8",""
"scroll-behavior","native","","","","","","",""
"scroll-initial-target","native","","","","","","",""
"scroll-margin","native","","","","","","",""
"scroll-margin-block","native","","","","","","",""
"scroll-margin-block-end","native","","","","","","",""
"scroll-margin-block-start","native","","","","","","",""
"scroll-margin-bottom","native","","","","","","",""
"scroll-margin-inline","native","","","","","","",""
"scroll-margin-inline-end","native","","","","","","",""
"scroll-margin-inline-start","native","","","","","","",""
"scroll-margin-left","native","","","","","","",""
"scroll-margin-right","native","","","","","","",""
"scroll-margin-top","native","","","","","","",""
"scroll-marker-group","native","","","","","","",""
"scroll-padding","native","","","","","","",""
"scroll-padding-block","native","","","","","","",""
"scroll-padding-block-end","native","","","","","","",""
"scroll-padding-block-start","native","","","","","","",""
"scroll-padding-bottom","native","","","","","","",""
"scroll-padding-inline","native","","","","","","",""
"scroll-padding-inline-end","native","","","","","","",""
"scroll-padding-inline-start","native","","","","","","",""
"scroll-padding-left","native","","","","","","",""
"scroll-padding-right","native","","","","","","",""
"scroll-padding-top","native","","","","","","",""
"scroll-snap-align","native","","","","","","",""
"scroll-snap-coordinate","unsupported","","","","","","",""
"scroll-snap-destination","unsupported","","","","","","",""
"scroll-snap-points-x","unsupported","","","","","","",""
"scroll-snap-points-y","unsupported","","","","","","",""
"scroll-snap-stop","native","","","","","","",""
"scroll-snap-type","native","","","","","","",""
"scroll-snap-type-x","unsupported","","","","","","",""
"scroll-snap-type-y","unsupported","","","","","","",""
"scroll-target-group","native","","","","","","",""
"scroll-timeline","native","","","","","","",""
"scroll-timeline-axis","native","","","","","","",""
"scroll-timeline-name","native","","","","","","",""
"scrollbar-color","untested","","","","","","",""
"scrollbar-gutter","preserved","stable","stable","stable","stable","stable","19.9",""
"scrollbar-width","preserved","thin","thin","thin","thin","thin","23.1",""
"shape-image-threshold","preserved","25%","0.25","0.25","0.25","0.25","19.3",""
"shape-margin","preserved","24px","24px","24px","24px","24px","30.7",""
"shape-outside","preserved","linear-gradient(red, blue)","linear-gradient(rgb(255, 0, 0), rgb(0, 0, 255))","linear-gradient(rgb(255, 0, 0), rgb(0, 0, 255))","linear-gradient(rgb(255, 0, 0), rgb(0, 0, 255))","linear-gradient(rgb(255, 0, 0), rgb(0, 0, 255))","19.1",""
"shape-rendering","preserved","crispEdges","crispedges","crispedges","crispedges","crispedges","21.6",""
"speak","preserved","none","none","none","none","none","26.3",""
"speak-as","unsupported","","","","","","",""
"stop-color","preserved","red","rgb(255, 0, 0)","rgb(255, 0, 0)","rgb(255, 0, 0)","rgb(255, 0, 0)","22.4",""
"stop-opacity","preserved","25%","0.25","0.25","0.25","0.25","31.5",""
"stroke","preserved","red","rgb(255, 0, 0)","rgb(255, 0, 0)","rgb(255, 0, 0)","rgb(255, 0, 0)","30.5",""
"stroke-color","unsupported","","","","","","",""
"stroke-dasharray","preserved","8px 4px","8px, 4px","8px, 4px","8px, 4px","8px, 4px","21.2",""
"stroke-dashoffset","preserved","24px","24px","24px","24px","24px","46",""
"stroke-linecap","preserved","round","round","round","round","round","18.5",""
"stroke-linejoin","preserved","round","round","round","round","round","29.1",""
"stroke-miterlimit","preserved","2","2","2","2","2","22",""
"stroke-opacity","preserved","25%","0.25","0.25","0.25","0.25","19.3",""
"stroke-width","preserved","24px","24px","24px","24px","24px","24",""
"tab-size","mismatch","24px","48px","96px","48px","96px","22.4",""
"table-layout","preserved","fixed","fixed","fixed","fixed","fixed","23.4",""
"text-align","preserved","end","end","end","end","end","26.4",""
"text-align-last","preserved","start","start","start","start","start","23",""
"text-anchor","preserved","middle","middle","middle","middle","middle","23.6",""
"text-autospace","preserved","normal","normal","normal","normal","normal","29.1",""
"text-box","preserved","auto","trim-both","trim-both","trim-both","trim-both","34",""
"text-box-edge","untested","","","","","","",""
"text-box-trim","preserved","trim-start","trim-start","trim-start","trim-start","trim-start","30.3",""
"text-combine-upright","preserved","all","all","all","all","all","22.4",""
"text-decoration","preserved","underline wavy red","underline wavy rgb(255, 0, 0)","underline wavy rgb(255, 0, 0)","underline wavy rgb(255, 0, 0)","underline wavy rgb(255, 0, 0)","161.3",""
"text-decoration-color","preserved","red","rgb(255, 0, 0)","rgb(255, 0, 0)","rgb(255, 0, 0)","rgb(255, 0, 0)","17.6",""
"text-decoration-inset","unsupported","","","","","","",""
"text-decoration-line","preserved","underline","underline","underline","underline","underline","23.3",""
"text-decoration-skip","unsupported","","","","","","",""
"text-decoration-skip-ink","preserved","all","all","all","all","all","29",""
"text-decoration-style","preserved","double","double","double","double","double","25.7",""
"text-decoration-thickness","preserved","from-font","from-font","from-font","from-font","from-font","18.1",""
"text-emphasis","preserved","red","none rgb(255, 0, 0)","none rgb(255, 0, 0)","none rgb(255, 0, 0)","none rgb(255, 0, 0)","44.3",""
"text-emphasis-color","preserved","red","rgb(255, 0, 0)","rgb(255, 0, 0)","rgb(255, 0, 0)","rgb(255, 0, 0)","10.9",""
"text-emphasis-position","preserved","under","under","under","under","under","25.4",""
"text-emphasis-style","preserved","filled","dot","dot","dot","dot","189.8",""
"text-fit","preserved","grow","grow","grow","grow","grow","41.4",""
"text-indent","preserved","24px","24px","24px","24px","24px","24.6",""
"text-justify","preserved","inter-character","inter-character","inter-character","inter-character","inter-character","29.3",""
"text-orientation","preserved","upright","upright","upright","upright","upright","22.9",""
"text-overflow","preserved","ellipsis","ellipsis","ellipsis","ellipsis","ellipsis","23.9",""
"text-rendering","preserved","geometricPrecision","geometricprecision","geometricprecision","geometricprecision","geometricprecision","25.3",""
"text-shadow","preserved","2px 2px red","rgb(255, 0, 0) 2px 2px 0px","rgb(255, 0, 0) 2px 2px 0px","rgb(255, 0, 0) 2px 2px 0px","rgb(255, 0, 0) 2px 2px 0px","35.3",""
"text-size-adjust","preserved","none","100%","100%","100%","100%","29.5",""
"text-spacing-trim","preserved","space-all","space-all","space-all","space-all","space-all","28.5",""
"text-transform","preserved","capitalize","capitalize","capitalize","capitalize","capitalize","26.7",""
"text-underline-offset","preserved","24px","24px","24px","24px","24px","33.1",""
"text-underline-position","preserved","from-font","from-font","from-font","from-font","from-font","25.5",""
"text-wrap","untested","","","","","","",""
"text-wrap-mode","preserved","nowrap","nowrap","nowrap","nowrap","nowrap","22.5",""
"text-wrap-style","preserved","balance","balance","balance","balance","balance","29.8",""
"timeline-scope","preserved","--pc-example","--pc-example","--pc-example","--pc-example","--pc-example","24.1",""
"timeline-trigger","preserved","24px","24px","24px","24px","24px","62.5",""
"timeline-trigger-activation-range","preserved","24px","24px","24px","24px","24px","29.9",""
"timeline-trigger-activation-range-end","preserved","24px","24px","24px","24px","24px","32.3",""
"timeline-trigger-activation-range-start","preserved","24px","24px","24px","24px","24px","8.7",""
"timeline-trigger-active-range","preserved","24px","24px","24px","24px","24px","43.8",""
"timeline-trigger-active-range-end","preserved","normal","normal","normal","normal","normal","24.6",""
"timeline-trigger-active-range-start","preserved","normal","normal","normal","normal","normal","25",""
"timeline-trigger-name","preserved","--pc-example","--pc-example","--pc-example","--pc-example","--pc-example","30.9",""
"timeline-trigger-source","preserved","none","none","none","none","none","157.7",""
"top","preserved","24px","24px","24px","24px","24px","15.3",""
"touch-action","native","","","","","","",""
"transform","preserved","translate(12px, 4px)","matrix(1, 0, 0, 1, 12, 4)","matrix(1, 0, 0, 1, 12, 4)","matrix(1, 0, 0, 1, 12, 4)","matrix(1, 0, 0, 1, 12, 4)","58.3",""
"transform-box","preserved","content-box","content-box","content-box","content-box","content-box","65",""
"transform-origin","preserved","left","0px 50px","0px 50px","0px 50px","0px 50px","25.3",""
"transform-style","preserved","preserve-3d","preserve-3d","preserve-3d","preserve-3d","preserve-3d","56.8",""
"transition","native","","","","","","",""
"transition-behavior","native","","","","","","",""
"transition-delay","native","","","","","","",""
"transition-duration","native","","","","","","",""
"transition-property","native","","","","","","",""
"transition-timing-function","native","","","","","","",""
"translate","preserved","12px 4px","12px 4px","12px 4px","12px 4px","12px 4px","87.7",""
"trigger-scope","preserved","all","all","all","all","all","22.3",""
"unicode-bidi","preserved","normal","normal","normal","normal","normal","21.4",""
"user-select","native","","","","","","",""
"vector-effect","preserved","non-scaling-stroke","non-scaling-stroke","non-scaling-stroke","non-scaling-stroke","non-scaling-stroke","63.4",""
"vertical-align","preserved","sub","sub","sub","sub","sub","29.5",""
"view-timeline","preserved","--pc-example","--pc-example","--pc-example","--pc-example","--pc-example","72.6",""
"view-timeline-axis","preserved","inline","inline","inline","inline","inline","27.3",""
"view-timeline-inset","preserved","24px","24px","24px","24px","24px","22.6",""
"view-timeline-name","preserved","--pc-example","--pc-example","--pc-example","--pc-example","--pc-example","10.8",""
"view-transition-class","native","","","","","","",""
"view-transition-group","native","","","","","","",""
"view-transition-name","native","","","","","","",""
"view-transition-scope","native","","","","","","",""
"visibility","preserved","hidden","hidden","hidden","hidden","hidden","23.5",""
"white-space","preserved","pre","pre","pre","pre","pre","30.3",""
"white-space-collapse","preserved","preserve","preserve","preserve","preserve","preserve","24.1",""
"widows","preserved","3","3","3","3","3","29.7",""
"width","preserved","auto","280px","280px","280px","280px","34.7",""
"will-change","native","","","","","","",""
"word-break","preserved","break-all","break-all","break-all","break-all","break-all","38.5",""
"word-spacing","preserved","24px","24px","24px","24px","24px","29.7",""
"word-wrap","preserved","break-word","break-word","break-word","break-word","break-word","21",""
"writing-mode","preserved","vertical-rl","vertical-rl","vertical-rl","vertical-rl","vertical-rl","19.9",""
"x","preserved","24px","24px","24px","24px","24px","15.7",""
"y","preserved","24px","24px","24px","24px","24px","47.4",""
"z-index","preserved","2","2","2","2","2","21.9",""
"zoom","preserved","25%","0.25","0.25","0.25","0.25","25.7",""
